<?xml version="1.0" encoding="UTF-8"?>
<GenRun Id="impl_1" LaunchPart="xc7a35tcpg236-1" LaunchTime="1770967412">
  <File Type="ROUTE-PWR" Name="Lab2_imp_power_routed.rpt"/>
  <File Type="PA-TCL" Name="Lab2_imp.tcl"/>
  <File Type="BITSTR-MMI" Name="Lab2_imp.mmi"/>
  <File Type="OPT-METHODOLOGY-DRC" Name="Lab2_imp_methodology_drc_opted.rpt"/>
  <File Type="INIT-TIMING" Name="Lab2_imp_timing_summary_init.rpt"/>
  <File Type="ROUTE-PWR-SUM" Name="Lab2_imp_power_summary_routed.pb"/>
  <File Type="REPORTS-TCL" Name="Lab2_imp_reports.tcl"/>
  <File Type="OPT-TIMING" Name="Lab2_imp_timing_summary_opted.rpt"/>
  <File Type="OPT-DCP" Name="Lab2_imp_opt.dcp"/>
  <File Type="OPT-DRC" Name="Lab2_imp_drc_opted.rpt"/>
  <File Type="OPT-HWDEF" Name="Lab2_imp.hwdef"/>
  <File Type="PWROPT-DCP" Name="Lab2_imp_pwropt.dcp"/>
  <File Type="PWROPT-DRC" Name="Lab2_imp_drc_pwropted.rpt"/>
  <File Type="PWROPT-TIMING" Name="Lab2_imp_timing_summary_pwropted.rpt"/>
  <File Type="PLACE-DCP" Name="Lab2_imp_placed.dcp"/>
  <File Type="PLACE-IO" Name="Lab2_imp_io_placed.rpt"/>
  <File Type="PLACE-CLK" Name="Lab2_imp_clock_utilization_placed.rpt"/>
  <File Type="PLACE-UTIL" Name="Lab2_imp_utilization_placed.rpt"/>
  <File Type="PLACE-UTIL-PB" Name="Lab2_imp_utilization_placed.pb"/>
  <File Type="PLACE-CTRL" Name="Lab2_imp_control_sets_placed.rpt"/>
  <File Type="PLACE-SIMILARITY" Name="Lab2_imp_incremental_reuse_placed.rpt"/>
  <File Type="PLACE-PRE-SIMILARITY" Name="Lab2_imp_incremental_reuse_pre_placed.rpt"/>
  <File Type="BG-BIN" Name="Lab2_imp.bin"/>
  <File Type="PLACE-TIMING" Name="Lab2_imp_timing_summary_placed.rpt"/>
  <File Type="POSTPLACE-PWROPT-DCP" Name="Lab2_imp_postplace_pwropt.dcp"/>
  <File Type="BITSTR-MSK" Name="Lab2_imp.msk"/>
  <File Type="POSTPLACE-PWROPT-TIMING" Name="Lab2_imp_timing_summary_postplace_pwropted.rpt"/>
  <File Type="PHYSOPT-DCP" Name="Lab2_imp_physopt.dcp"/>
  <File Type="PHYSOPT-DRC" Name="Lab2_imp_drc_physopted.rpt"/>
  <File Type="BITSTR-RBT" Name="Lab2_imp.rbt"/>
  <File Type="PHYSOPT-TIMING" Name="Lab2_imp_timing_summary_physopted.rpt"/>
  <File Type="ROUTE-ERROR-DCP" Name="Lab2_imp_routed_error.dcp"/>
  <File Type="ROUTE-DCP" Name="Lab2_imp_routed.dcp"/>
  <File Type="ROUTE-BLACKBOX-DCP" Name="Lab2_imp_routed_bb.dcp"/>
  <File Type="ROUTE-DRC" Name="Lab2_imp_drc_routed.rpt"/>
  <File Type="ROUTE-DRC-PB" Name="Lab2_imp_drc_routed.pb"/>
  <File Type="ROUTE-DRC-RPX" Name="Lab2_imp_drc_routed.rpx"/>
  <File Type="ROUTE-METHODOLOGY-DRC" Name="Lab2_imp_methodology_drc_routed.rpt"/>
  <File Type="ROUTE-METHODOLOGY-DRC-RPX" Name="Lab2_imp_methodology_drc_routed.rpx"/>
  <File Type="ROUTE-METHODOLOGY-DRC-PB" Name="Lab2_imp_methodology_drc_routed.pb"/>
  <File Type="ROUTE-PWR-RPX" Name="Lab2_imp_power_routed.rpx"/>
  <File Type="ROUTE-STATUS" Name="Lab2_imp_route_status.rpt"/>
  <File Type="ROUTE-STATUS-PB" Name="Lab2_imp_route_status.pb"/>
  <File Type="ROUTE-TIMINGSUMMARY" Name="Lab2_imp_timing_summary_routed.rpt"/>
  <File Type="ROUTE-TIMING-PB" Name="Lab2_imp_timing_summary_routed.pb"/>
  <File Type="ROUTE-TIMING-RPX" Name="Lab2_imp_timing_summary_routed.rpx"/>
  <File Type="ROUTE-SIMILARITY" Name="Lab2_imp_incremental_reuse_routed.rpt"/>
  <File Type="ROUTE-CLK" Name="Lab2_imp_clock_utilization_routed.rpt"/>
  <File Type="ROUTE-BUS-SKEW" Name="Lab2_imp_bus_skew_routed.rpt"/>
  <File Type="ROUTE-BUS-SKEW-PB" Name="Lab2_imp_bus_skew_routed.pb"/>
  <File Type="ROUTE-BUS-SKEW-RPX" Name="Lab2_imp_bus_skew_routed.rpx"/>
  <File Type="POSTROUTE-PHYSOPT-DCP" Name="Lab2_imp_postroute_physopt.dcp"/>
  <File Type="POSTROUTE-PHYSOPT-BLACKBOX-DCP" Name="Lab2_imp_postroute_physopt_bb.dcp"/>
  <File Type="POSTROUTE-PHYSOPT-TIMING" Name="Lab2_imp_timing_summary_postroute_physopted.rpt"/>
  <File Type="POSTROUTE-PHYSOPT-TIMING-PB" Name="Lab2_imp_timing_summary_postroute_physopted.pb"/>
  <File Type="POSTROUTE-PHYSOPT-TIMING-RPX" Name="Lab2_imp_timing_summary_postroute_physopted.rpx"/>
  <File Type="POSTROUTE-PHYSOPT-BUS-SKEW" Name="Lab2_imp_bus_skew_postroute_physopted.rpt"/>
  <File Type="BG-BIT" Name="Lab2_imp.bit"/>
  <File Type="POSTROUTE-PHYSOPT-BUS-SKEW-PB" Name="Lab2_imp_bus_skew_postroute_physopted.pb"/>
  <File Type="POSTROUTE-PHYSOPT-BUS-SKEW-RPX" Name="Lab2_imp_bus_skew_postroute_physopted.rpx"/>
  <File Type="BITSTR-NKY" Name="Lab2_imp.nky"/>
  <File Type="BITSTR-BMM" Name="Lab2_imp_bd.bmm"/>
  <File Type="PDI-FILE" Name="Lab2_imp.pdi"/>
  <File Type="RCFI_FILE" Name="Lab2_imp.rcfi"/>
  <File Type="CFI_FILE" Name="Lab2_imp.cfi"/>
  <File Type="RNPI_FILE" Name="Lab2_imp.rnpi"/>
  <File Type="NPI_FILE" Name="Lab2_imp.npi"/>
  <File Type="RBD_FILE" Name="Lab2_imp.rbd"/>
  <File Type="BITSTR-LTX" Name="debug_nets.ltx"/>
  <File Type="BITSTR-LTX" Name="Lab2_imp.ltx"/>
  <File Type="BITSTR-SYSDEF" Name="Lab2_imp.sysdef"/>
  <File Type="BG-BGN" Name="Lab2_imp.bgn"/>
  <File Type="BG-DRC" Name="Lab2_imp.drc"/>
  <File Type="RDI-RDI" Name="Lab2_imp.vdi"/>
  <File Type="WBT-USG" Name="usage_statistics_webtalk.html"/>
  <File Type="ROUTE-RQS" Name="Lab2_imp_routed.rqs"/>
  <File Type="POSTROUTE-PHYSOPT-RQS" Name="Lab2_imp_postroute_physopted.rqs"/>
  <File Type="ROUTE-RQS-RPT" Name="route_report_qor_suggestions_0.rpt"/>
  <File Type="POSTROUTE-PHYSOPT-RQS-RPT" Name="postroute_physopt_report_qor_suggestions_0.rpt"/>
  <FileSet Name="sources" Type="DesignSrcs" RelSrcDir="$PSRCDIR/sources_1" RelGenDir="$PGENDIR/sources_1">
    <Filter Type="Srcs"/>
    <File Path="$PSRCDIR/sources_1/new/Lab2_top.v">
      <FileInfo>
        <Attr Name="UsedIn" Val="synthesis"/>
        <Attr Name="UsedIn" Val="implementation"/>
        <Attr Name="UsedIn" Val="simulation"/>
      </FileInfo>
    </File>
    <File Path="$PSRCDIR/sources_1/imports/SC2103_Lab2/clkgen.v">
      <FileInfo>
        <Attr Name="ImportPath" Val="$PPRDIR/../SC2103_Lab2/clkgen.v"/>
        <Attr Name="ImportTime" Val="1770952198"/>
        <Attr Name="UsedIn" Val="synthesis"/>
        <Attr Name="UsedIn" Val="implementation"/>
        <Attr Name="UsedIn" Val="simulation"/>
      </FileInfo>
    </File>
    <File Path="$PSRCDIR/sources_1/imports/SC2103_Lab2/seven_seg.v">
      <FileInfo>
        <Attr Name="ImportPath" Val="$PPRDIR/../SC2103_Lab2/seven_seg.v"/>
        <Attr Name="ImportTime" Val="1770952198"/>
        <Attr Name="UsedIn" Val="synthesis"/>
        <Attr Name="UsedIn" Val="implementation"/>
        <Attr Name="UsedIn" Val="simulation"/>
      </FileInfo>
    </File>
    <File Path="$PSRCDIR/sources_1/imports/SC2103_Lab2/Lab2_imp.v">
      <FileInfo>
        <Attr Name="ImportPath" Val="$PPRDIR/../SC2103_Lab2/Lab2_imp.v"/>
        <Attr Name="ImportTime" Val="1770952198"/>
        <Attr Name="UsedIn" Val="synthesis"/>
        <Attr Name="UsedIn" Val="implementation"/>
        <Attr Name="UsedIn" Val="simulation"/>
      </FileInfo>
    </File>
    <Config>
      <Option Name="DesignMode" Val="RTL"/>
      <Option Name="TopModule" Val="Lab2_imp"/>
    </Config>
  </FileSet>
  <FileSet Name="constrs_in" Type="Constrs" RelSrcDir="$PSRCDIR/constrs_1">
    <Filter Type="Constrs"/>
    <File Path="$PSRCDIR/constrs_1/imports/SC2103_Lab2/Lab2.xdc">
      <FileInfo>
        <Attr Name="ImportPath" Val="$PPRDIR/../SC2103_Lab2/Lab2.xdc"/>
        <Attr Name="ImportTime" Val="1770952198"/>
        <Attr Name="UsedIn" Val="synthesis"/>
        <Attr Name="UsedIn" Val="implementation"/>
      </FileInfo>
    </File>
    <Config>
      <Option Name="ConstrsType" Val="XDC"/>
    </Config>
  </FileSet>
  <FileSet Name="utils" Type="Utils" RelSrcDir="$PSRCDIR/utils_1">
    <Filter Type="Utils"/>
    <File Path="$PSRCDIR/utils_1/imports/synth_1/Lab2_imp.dcp">
      <FileInfo>
        <Attr Name="UsedIn" Val="synthesis"/>
        <Attr Name="UsedIn" Val="implementation"/>
        <Attr Name="UsedInSteps" Val="synth_1"/>
        <Attr Name="AutoDcp" Val="1"/>
      </FileInfo>
    </File>
    <Config>
      <Option Name="TopAutoSet" Val="TRUE"/>
    </Config>
  </FileSet>
  <Strategy Version="1" Minor="2">
    <StratHandle Name="Vivado Implementation Defaults" Flow="Vivado Implementation 2022">
      <Desc>Default settings for Implementation.</Desc>
    </StratHandle>
    <Step Id="init_design"/>
    <Step Id="opt_design"/>
    <Step Id="power_opt_design"/>
    <Step Id="place_design"/>
    <Step Id="post_place_power_opt_design"/>
    <Step Id="phys_opt_design"/>
    <Step Id="route_design"/>
    <Step Id="post_route_phys_opt_design"/>
    <Step Id="write_bitstream"/>
  </Strategy>
  <BlockFileSet Type="BlockSrcs" Name="Lab2_mem"/>
</GenRun>
